id_transaccion,fecha,categoria,precio_unitario,cantidad,satisfaccion_cliente
1001,2025-01-01 00:00:00.000000,Ropa,100.72,4,5.0
1002,2025-01-01 08:44:41.081081,Libros,275.53,3,3.0
1003,2025-01-01 17:29:22.162162,Hogar,437.74,4,5.0
1004,2025-01-02 02:14:03.243243,Hogar,368.79,2,4.0
1005,2025-01-02 10:58:44.324324,Electrónica,405.21,2,4.0
1006,2025-01-02 19:43:25.405405,Electrónica,332.8,1,
1007,2025-01-03 04:28:06.486486,Electrónica,349.22,5,4.0
1008,2025-01-03 13:12:47.567567,Juguetes,426.11,4,3.0
1009,2025-01-03 21:57:28.648648,Hogar,132.34,1,4.0
1010,2025-01-04 06:42:09.729729,Hogar,249.82,5,5.0
1011,2025-01-04 15:26:50.810810,Electrónica,118.39,4,3.0
1012,2025-01-05 00:11:31.891891,Libros,493.96,3,3.0
1013,2025-01-05 08:56:12.972972,Juguetes,472.59,4,1.0
1014,2025-01-05 17:40:54.054054,Electrónica,29.32,2,1.0
1015,2025-01-06 02:25:35.135135,Electrónica,355.73,2,5.0
1016,2025-01-06 11:10:16.216216,Electrónica,463.37,3,5.0
1017,2025-01-06 19:54:57.297297,Ropa,98.48,1,4.0
1018,2025-01-07 04:39:38.378378,Ropa,288.29,5,5.0
1019,2025-01-07 13:24:19.459459,Ropa,458.59,4,4.0
1020,2025-01-07 22:09:00.540540,Electrónica,26.63,2,
1021,2025-01-08 06:53:41.621621,Hogar,351.74,1,
1022,2025-01-08 15:38:22.702702,Electrónica,155.7,3,4.0
1023,2025-01-09 00:23:03.783783,Electrónica,462.95,2,5.0
1024,2025-01-09 09:07:44.864864,Ropa,485.82,3,5.0
1025,2025-01-09 17:52:25.945945,Ropa,472.69,4,4.0
1026,2025-01-10 02:37:07.027027,Juguetes,242.36,5,3.0
1027,2025-01-10 11:21:48.108108,Electrónica,432.4,2,4.0
1028,2025-01-10 20:06:29.189189,Ropa,423.83,2,5.0
1029,2025-01-11 04:51:10.270270,Hogar,166.36,4,
1030,2025-01-11 13:35:51.351351,Electrónica,416.17,1,5.0
1031,2025-01-11 22:20:32.432432,Hogar,28.13,5,5.0
1032,2025-01-12 07:05:13.513513,Electrónica,302.17,2,5.0
1033,2025-01-12 15:49:54.594594,Electrónica,122.7,5,5.0
1034,2025-01-13 00:34:35.675675,Libros,69.08,2,5.0
1035,2025-01-13 09:19:16.756756,Libros,47.71,5,4.0
1036,2025-01-13 18:03:57.837837,Juguetes,351.18,3,4.0
1037,2025-01-14 02:48:38.918918,Ropa,176.54,2,5.0
1038,2025-01-14 11:33:20.000000,Electrónica,365.14,5,1.0
1039,2025-01-14 20:18:01.081081,Hogar,42.02,1,5.0
1040,2025-01-15 05:02:42.162162,Ropa,164.49,3,3.0
1041,2025-01-15 13:47:23.243243,Electrónica,274.35,3,4.0
1042,2025-01-15 22:32:04.324324,Ropa,397.45,1,5.0
1043,2025-01-16 07:16:45.405405,Electrónica,166.19,5,4.0
1044,2025-01-16 16:01:26.486486,Libros,316.69,4,3.0
1045,2025-01-17 00:46:07.567567,Electrónica,444.13,1,4.0
1046,2025-01-17 09:30:48.648648,Hogar,311.77,5,5.0
1047,2025-01-17 18:15:29.729729,Ropa,124.15,1,1.0
1048,2025-01-18 03:00:10.810810,Ropa,21.96,1,5.0
1049,2025-01-18 11:44:51.891891,Ropa,436.35,2,3.0
1050,2025-01-18 20:29:32.972972,Electrónica,20.42,5,
1051,2025-01-19 05:14:14.054054,Libros,438.6,4,
1052,2025-01-19 13:58:55.135135,Juguetes,269.18,2,4.0
1053,2025-01-19 22:43:36.216216,Libros,470.14,1,4.0
1054,2025-01-20 07:28:17.297297,Juguetes,401.4,1,4.0
1055,2025-01-20 16:12:58.378378,Hogar,498.99,1,5.0
1056,2025-01-21 00:57:39.459459,Libros,181.85,5,2.0
1057,2025-01-21 09:42:20.540540,Electrónica,385.92,5,1.0
1058,2025-01-21 18:27:01.621621,Electrónica,206.95,2,2.0
1059,2025-01-22 03:11:42.702702,Electrónica,245.14,4,4.0
1060,2025-01-22 11:56:23.783783,Ropa,317.48,2,4.0
1061,2025-01-22 20:41:04.864864,Ropa,438.1,3,5.0
1062,2025-01-23 05:25:45.945945,Electrónica,492.2,1,
1063,2025-01-23 14:10:27.027027,Juguetes,386.45,1,4.0
1064,2025-01-23 22:55:08.108108,Ropa,214.71,1,4.0
1065,2025-01-24 07:39:49.189189,Electrónica,216.46,2,4.0
1066,2025-01-24 16:24:30.270270,Ropa,371.42,2,5.0
1067,2025-01-25 01:09:11.351351,Electrónica,127.0,1,5.0
1068,2025-01-25 09:53:52.432432,Juguetes,64.13,2,5.0
1069,2025-01-25 18:38:33.513513,Electrónica,183.76,5,
1070,2025-01-26 03:23:14.594594,Libros,150.75,5,1.0
1071,2025-01-26 12:07:55.675675,Juguetes,155.19,2,5.0
1072,2025-01-26 20:52:36.756756,Electrónica,124.47,1,5.0
1073,2025-01-27 05:37:17.837837,Electrónica,30.63,2,3.0
1074,2025-01-27 14:21:58.918918,Juguetes,18.76,2,
1075,2025-01-27 23:06:40.000000,Hogar,493.98,2,3.0
1076,2025-01-28 07:51:21.081081,Hogar,219.61,3,5.0
1077,2025-01-28 16:36:02.162162,Juguetes,198.32,5,3.0
1078,2025-01-29 01:20:43.243243,Electrónica,343.03,4,4.0
1079,2025-01-29 10:05:24.324324,Ropa,116.94,4,5.0
1080,2025-01-29 18:50:05.405405,Electrónica,475.48,3,4.0
1081,2025-01-30 03:34:46.486486,Juguetes,395.31,2,4.0
1082,2025-01-30 12:19:27.567567,Hogar,53.81,3,4.0
1083,2025-01-30 21:04:08.648648,Ropa,214.61,3,5.0
1084,2025-01-31 05:48:49.729729,Electrónica,440.77,1,3.0
1085,2025-01-31 14:33:30.810810,Ropa,472.92,5,4.0
1086,2025-01-31 23:18:11.891891,Ropa,239.03,4,5.0
1087,2025-02-01 08:02:52.972972,Hogar,310.57,2,5.0
1088,2025-02-01 16:47:34.054054,Hogar,91.85,4,4.0
1089,2025-02-02 01:32:15.135135,Juguetes,495.67,4,5.0
1090,2025-02-02 10:16:56.216216,Ropa,123.52,5,5.0
1091,2025-02-02 19:01:37.297297,Electrónica,471.94,4,5.0
1092,2025-02-03 03:46:18.378378,Hogar,328.33,4,4.0
1093,2025-02-03 12:30:59.459459,Juguetes,307.79,3,3.0
1094,2025-02-03 21:15:40.540540,Hogar,261.22,5,4.0
1095,2025-02-04 06:00:21.621621,Juguetes,123.03,1,4.0
1096,2025-02-04 14:45:02.702702,Ropa,96.5,2,4.0
1097,2025-02-04 23:29:43.783783,Ropa,118.04,4,1.0
1098,2025-02-05 08:14:24.864864,Ropa,101.35,2,5.0
1099,2025-02-05 16:59:05.945945,Electrónica,392.0,1,4.0
1100,2025-02-06 01:43:47.027027,Electrónica,181.56,2,4.0
1101,2025-02-06 10:28:28.108108,Electrónica,38.34,1,5.0
1102,2025-02-06 19:13:09.189189,Hogar,484.86,3,4.0
1103,2025-02-07 03:57:50.270270,Ropa,443.06,4,2.0
1104,2025-02-07 12:42:31.351351,Ropa,464.6,1,5.0
1105,2025-02-07 21:27:12.432432,Libros,497.5,2,1.0
1106,2025-02-08 06:11:53.513513,Electrónica,95.21,4,5.0
1107,2025-02-08 14:56:34.594594,Ropa,204.16,3,5.0
1108,2025-02-08 23:41:15.675675,Juguetes,381.54,4,4.0
1109,2025-02-09 08:25:56.756756,Electrónica,351.05,1,5.0
1110,2025-02-09 17:10:37.837837,Electrónica,85.41,3,4.0
1111,2025-02-10 01:55:18.918918,Electrónica,409.76,2,4.0
1112,2025-02-10 10:40:00.000000,Electrónica,119.98,3,1.0
1113,2025-02-10 19:24:41.081081,Libros,119.67,3,4.0
1114,2025-02-11 04:09:22.162162,Juguetes,273.12,5,5.0
1115,2025-02-11 12:54:03.243243,Hogar,300.54,3,4.0
1116,2025-02-11 21:38:44.324324,Juguetes,294.24,3,4.0
1117,2025-02-12 06:23:25.405405,Juguetes,54.83,4,4.0
1118,2025-02-12 15:08:06.486486,Electrónica,439.96,2,4.0
1119,2025-02-12 23:52:47.567567,Juguetes,140.14,4,2.0
1120,2025-02-13 08:37:28.648648,Ropa,73.46,4,4.0
1121,2025-02-13 17:22:09.729729,Juguetes,445.49,1,5.0
1122,2025-02-14 02:06:50.810810,Juguetes,478.27,4,3.0
1123,2025-02-14 10:51:31.891891,Ropa,432.44,5,3.0
1124,2025-02-14 19:36:12.972972,Electrónica,406.66,5,1.0
1125,2025-02-15 04:20:54.054054,Electrónica,331.07,1,4.0
1126,2025-02-15 13:05:35.135135,Ropa,279.92,2,5.0
1127,2025-02-15 21:50:16.216216,Juguetes,52.62,2,2.0
1128,2025-02-16 06:34:57.297297,Juguetes,210.14,4,3.0
1129,2025-02-16 15:19:38.378378,Electrónica,192.62,4,4.0
1130,2025-02-17 00:04:19.459459,Ropa,137.28,4,5.0
1131,2025-02-17 08:49:00.540540,Ropa,364.48,2,5.0
1132,2025-02-17 17:33:41.621621,Electrónica,252.98,3,4.0
1133,2025-02-18 02:18:22.702702,Electrónica,49.71,5,5.0
1134,2025-02-18 11:03:03.783783,Ropa,117.89,3,5.0
1135,2025-02-18 19:47:44.864864,Libros,344.8,3,5.0
1136,2025-02-19 04:32:25.945945,Ropa,47.3,2,5.0
1137,2025-02-19 13:17:07.027027,Ropa,427.09,3,4.0
1138,2025-02-19 22:01:48.108108,Hogar,252.62,1,4.0
1139,2025-02-20 06:46:29.189189,Ropa,245.49,4,3.0
1140,2025-02-20 15:31:10.270270,Libros,300.28,1,4.0
1141,2025-02-21 00:15:51.351351,Libros,414.09,5,
1142,2025-02-21 09:00:32.432432,Electrónica,180.43,4,4.0
1143,2025-02-21 17:45:13.513513,Ropa,342.23,3,3.0
1144,2025-02-22 02:29:54.594594,Ropa,287.21,5,5.0
1145,2025-02-22 11:14:35.675675,Electrónica,140.84,4,4.0
1146,2025-02-22 19:59:16.756756,Electrónica,440.53,3,3.0
1147,2025-02-23 04:43:57.837837,Hogar,400.74,1,4.0
1148,2025-02-23 13:28:38.918918,Ropa,332.64,4,4.0
1149,2025-02-23 22:13:20.000000,Electrónica,426.79,3,5.0
1150,2025-02-24 06:58:01.081081,Electrónica,434.97,1,1.0
1151,2025-02-24 15:42:42.162162,Libros,357.1,5,4.0
1152,2025-02-25 00:27:23.243243,Electrónica,420.14,5,4.0
1153,2025-02-25 09:12:04.324324,Electrónica,351.76,5,4.0
1154,2025-02-25 17:56:45.405405,Ropa,343.27,5,5.0
1155,2025-02-26 02:41:26.486486,Libros,313.12,2,4.0
1156,2025-02-26 11:26:07.567567,Electrónica,378.83,4,4.0
1157,2025-02-26 20:10:48.648648,Hogar,87.72,4,5.0
1158,2025-02-27 04:55:29.729729,Juguetes,441.63,2,5.0
1159,2025-02-27 13:40:10.810810,Electrónica,437.2,3,3.0
1160,2025-02-27 22:24:51.891891,Hogar,24.33,3,4.0
1161,2025-02-28 07:09:32.972972,Ropa,414.65,5,5.0
1162,2025-02-28 15:54:14.054054,Hogar,73.15,1,5.0
1163,2025-03-01 00:38:55.135135,Hogar,174.21,3,3.0
1164,2025-03-01 09:23:36.216216,Ropa,374.32,1,
1165,2025-03-01 18:08:17.297297,Electrónica,88.77,4,4.0
1166,2025-03-02 02:52:58.378378,Juguetes,410.8,1,3.0
1167,2025-03-02 11:37:39.459459,Ropa,417.75,4,3.0
1168,2025-03-02 20:22:20.540540,Electrónica,258.66,2,2.0
1169,2025-03-03 05:07:01.621621,Electrónica,13.13,2,5.0
1170,2025-03-03 13:51:42.702702,Hogar,150.65,5,3.0
1171,2025-03-03 22:36:23.783783,Hogar,312.29,3,3.0
1172,2025-03-04 07:21:04.864864,Electrónica,490.78,5,5.0
1173,2025-03-04 16:05:45.945945,Ropa,319.59,4,4.0
1174,2025-03-05 00:50:27.027027,Electrónica,137.3,5,1.0
1175,2025-03-05 09:35:08.108108,Hogar,320.66,1,2.0
1176,2025-03-05 18:19:49.189189,Electrónica,274.59,4,3.0
1177,2025-03-06 03:04:30.270270,Hogar,392.12,2,3.0
1178,2025-03-06 11:49:11.351351,Ropa,62.42,3,5.0
1179,2025-03-06 20:33:52.432432,Libros,382.9,4,3.0
1180,2025-03-07 05:18:33.513513,Electrónica,275.22,4,3.0
1181,2025-03-07 14:03:14.594594,Ropa,481.87,1,5.0
1182,2025-03-07 22:47:55.675675,Electrónica,177.52,3,5.0
1183,2025-03-08 07:32:36.756756,Libros,319.98,2,4.0
1184,2025-03-08 16:17:17.837837,Juguetes,466.69,4,4.0
1185,2025-03-09 01:01:58.918918,Electrónica,60.23,4,4.0
1186,2025-03-09 09:46:40.000000,Hogar,469.24,1,4.0
1187,2025-03-09 18:31:21.081081,Juguetes,347.06,5,4.0
1188,2025-03-10 03:16:02.162162,Hogar,43.24,2,4.0
1189,2025-03-10 12:00:43.243243,Ropa,157.47,3,5.0
1190,2025-03-10 20:45:24.324324,Electrónica,357.0,4,1.0
1191,2025-03-11 05:30:05.405405,Electrónica,43.0,4,5.0
1192,2025-03-11 14:14:46.486486,Juguetes,295.26,2,3.0
1193,2025-03-11 22:59:27.567567,Libros,179.48,5,5.0
1194,2025-03-12 07:44:08.648648,Hogar,314.25,4,5.0
1195,2025-03-12 16:28:49.729729,Ropa,32.41,2,5.0
1196,2025-03-13 01:13:30.810810,Ropa,437.05,1,2.0
1197,2025-03-13 09:58:11.891891,Hogar,487.01,5,4.0
1198,2025-03-13 18:42:52.972972,Juguetes,484.75,3,4.0
1199,2025-03-14 03:27:34.054054,Juguetes,377.33,4,5.0
1200,2025-03-14 12:12:15.135135,Juguetes,73.74,2,4.0
1201,2025-03-14 20:56:56.216216,Hogar,381.55,1,4.0
1202,2025-03-15 05:41:37.297297,Electrónica,22.05,3,4.0
1203,2025-03-15 14:26:18.378378,Electrónica,20.84,2,4.0
1204,2025-03-15 23:10:59.459459,Juguetes,168.57,2,4.0
1205,2025-03-16 07:55:40.540540,Hogar,249.44,3,3.0
1206,2025-03-16 16:40:21.621621,Electrónica,387.5,1,
1207,2025-03-17 01:25:02.702702,Electrónica,344.81,1,5.0
1208,2025-03-17 10:09:43.783783,Hogar,228.49,5,
1209,2025-03-17 18:54:24.864864,Electrónica,144.08,4,3.0
1210,2025-03-18 03:39:05.945945,Electrónica,498.59,3,5.0
1211,2025-03-18 12:23:47.027027,Ropa,218.83,3,5.0
1212,2025-03-18 21:08:28.108108,Hogar,231.18,3,5.0
1213,2025-03-19 05:53:09.189189,Hogar,90.18,1,5.0
1214,2025-03-19 14:37:50.270270,Electrónica,399.46,4,4.0
1215,2025-03-19 23:22:31.351351,Hogar,349.9,5,5.0
1216,2025-03-20 08:07:12.432432,Electrónica,118.18,2,4.0
1217,2025-03-20 16:51:53.513513,Ropa,50.37,2,2.0
1218,2025-03-21 01:36:34.594594,Hogar,343.44,3,4.0
1219,2025-03-21 10:21:15.675675,Hogar,330.71,4,5.0
1220,2025-03-21 19:05:56.756756,Juguetes,143.9,1,5.0
1221,2025-03-22 03:50:37.837837,Hogar,475.92,4,
1222,2025-03-22 12:35:18.918918,Hogar,84.02,4,5.0
1223,2025-03-22 21:20:00.000000,Electrónica,221.84,1,3.0
1224,2025-03-23 06:04:41.081081,Ropa,472.37,3,3.0
1225,2025-03-23 14:49:22.162162,Electrónica,215.67,4,3.0
1226,2025-03-23 23:34:03.243243,Electrónica,322.88,2,1.0
1227,2025-03-24 08:18:44.324324,Libros,204.82,1,4.0
1228,2025-03-24 17:03:25.405405,Ropa,144.37,5,3.0
1229,2025-03-25 01:48:06.486486,Juguetes,492.15,3,4.0
1230,2025-03-25 10:32:47.567567,Hogar,210.57,1,5.0
1231,2025-03-25 19:17:28.648648,Juguetes,448.11,5,4.0
1232,2025-03-26 04:02:09.729729,Ropa,122.68,5,5.0
1233,2025-03-26 12:46:50.810810,Hogar,114.42,4,5.0
1234,2025-03-26 21:31:31.891891,Ropa,25.26,4,3.0
1235,2025-03-27 06:16:12.972972,Electrónica,329.32,4,4.0
1236,2025-03-27 15:00:54.054054,Hogar,190.58,1,2.0
1237,2025-03-27 23:45:35.135135,Electrónica,433.54,1,4.0
1238,2025-03-28 08:30:16.216216,Electrónica,241.87,3,5.0
1239,2025-03-28 17:14:57.297297,Hogar,484.41,4,2.0
1240,2025-03-29 01:59:38.378378,Electrónica,100.91,5,3.0
1241,2025-03-29 10:44:19.459459,Libros,435.63,2,4.0
1242,2025-03-29 19:29:00.540540,Libros,390.53,3,
1243,2025-03-30 04:13:41.621621,Libros,387.75,1,5.0
1244,2025-03-30 12:58:22.702702,Ropa,423.94,3,5.0
1245,2025-03-30 21:43:03.783783,Electrónica,382.9,3,3.0
1246,2025-03-31 06:27:44.864864,Libros,316.85,3,5.0
1247,2025-03-31 15:12:25.945945,Ropa,74.31,3,5.0
1248,2025-03-31 23:57:07.027027,Libros,25.94,2,5.0
1249,2025-04-01 08:41:48.108108,Libros,461.22,4,
1250,2025-04-01 17:26:29.189189,Juguetes,312.16,5,4.0
1251,2025-04-02 02:11:10.270270,Electrónica,400.3,3,5.0
1252,2025-04-02 10:55:51.351351,Ropa,245.95,3,5.0
1253,2025-04-02 19:40:32.432432,Juguetes,67.48,3,1.0
1254,2025-04-03 04:25:13.513513,Ropa,71.34,4,4.0
1255,2025-04-03 13:09:54.594594,Electrónica,345.93,1,
1256,2025-04-03 21:54:35.675675,Hogar,220.85,1,3.0
1257,2025-04-04 06:39:16.756756,Libros,108.26,2,4.0
1258,2025-04-04 15:23:57.837837,Hogar,250.88,1,
1259,2025-04-05 00:08:38.918918,Hogar,41.46,3,4.0
1260,2025-04-05 08:53:20.000000,Electrónica,295.17,3,3.0
1261,2025-04-05 17:38:01.081081,Hogar,141.81,3,4.0
1262,2025-04-06 02:22:42.162162,Libros,400.8,2,3.0
1263,2025-04-06 11:07:23.243243,Electrónica,162.08,3,4.0
1264,2025-04-06 19:52:04.324324,Ropa,233.06,1,2.0
1265,2025-04-07 04:36:45.405405,Juguetes,15.69,4,5.0
1266,2025-04-07 13:21:26.486486,Hogar,45.5,4,4.0
1267,2025-04-07 22:06:07.567567,Hogar,202.32,5,5.0
1268,2025-04-08 06:50:48.648648,Hogar,245.17,1,5.0
1269,2025-04-08 15:35:29.729729,Ropa,304.01,3,4.0
1270,2025-04-09 00:20:10.810810,Electrónica,152.91,4,5.0
1271,2025-04-09 09:04:51.891891,Juguetes,350.54,1,3.0
1272,2025-04-09 17:49:32.972972,Juguetes,431.46,4,4.0
1273,2025-04-10 02:34:14.054054,Juguetes,392.13,3,3.0
1274,2025-04-10 11:18:55.135135,Libros,29.41,4,5.0
1275,2025-04-10 20:03:36.216216,Ropa,245.45,5,2.0
1276,2025-04-11 04:48:17.297297,Ropa,61.42,5,4.0
1277,2025-04-11 13:32:58.378378,Juguetes,128.6,4,5.0
1278,2025-04-11 22:17:39.459459,Hogar,493.46,1,4.0
1279,2025-04-12 07:02:20.540540,Hogar,79.82,1,2.0
1280,2025-04-12 15:47:01.621621,Juguetes,254.46,1,4.0
1281,2025-04-13 00:31:42.702702,Juguetes,312.9,4,5.0
1282,2025-04-13 09:16:23.783783,Ropa,354.21,1,5.0
1283,2025-04-13 18:01:04.864864,Ropa,284.23,3,4.0
1284,2025-04-14 02:45:45.945945,Electrónica,14.79,5,4.0
1285,2025-04-14 11:30:27.027027,Hogar,169.97,3,4.0
1286,2025-04-14 20:15:08.108108,Electrónica,263.68,1,5.0
1287,2025-04-15 04:59:49.189189,Ropa,53.05,3,4.0
1288,2025-04-15 13:44:30.270270,Ropa,181.81,1,4.0
1289,2025-04-15 22:29:11.351351,Electrónica,26.27,4,3.0
1290,2025-04-16 07:13:52.432432,Hogar,48.5,3,1.0
1291,2025-04-16 15:58:33.513513,Electrónica,204.49,4,3.0
1292,2025-04-17 00:43:14.594594,Electrónica,75.03,4,3.0
1293,2025-04-17 09:27:55.675675,Juguetes,288.1,2,4.0
1294,2025-04-17 18:12:36.756756,Ropa,347.84,1,5.0
1295,2025-04-18 02:57:17.837837,Electrónica,402.29,5,3.0
1296,2025-04-18 11:41:58.918918,Ropa,108.07,1,5.0
1297,2025-04-18 20:26:40.000000,Juguetes,92.07,5,1.0
1298,2025-04-19 05:11:21.081081,Electrónica,61.24,1,5.0
1299,2025-04-19 13:56:02.162162,Hogar,321.85,4,5.0
1300,2025-04-19 22:40:43.243243,Electrónica,356.17,3,4.0
1301,2025-04-20 07:25:24.324324,Electrónica,25.48,3,2.0
1302,2025-04-20 16:10:05.405405,Ropa,468.74,2,5.0
1303,2025-04-21 00:54:46.486486,Ropa,35.47,5,4.0
1304,2025-04-21 09:39:27.567567,Hogar,275.24,5,5.0
1305,2025-04-21 18:24:08.648648,Hogar,357.44,5,4.0
1306,2025-04-22 03:08:49.729729,Libros,436.77,4,5.0
1307,2025-04-22 11:53:30.810810,Ropa,359.9,5,3.0
1308,2025-04-22 20:38:11.891891,Ropa,402.85,3,5.0
1309,2025-04-23 05:22:52.972972,Juguetes,176.33,4,5.0
1310,2025-04-23 14:07:34.054054,Electrónica,409.26,1,5.0
1311,2025-04-23 22:52:15.135135,Ropa,49.26,5,3.0
1312,2025-04-24 07:36:56.216216,Electrónica,448.46,5,5.0
1313,2025-04-24 16:21:37.297297,Electrónica,278.32,1,4.0
1314,2025-04-25 01:06:18.378378,Libros,410.48,5,5.0
1315,2025-04-25 09:50:59.459459,Juguetes,231.64,1,4.0
1316,2025-04-25 18:35:40.540540,Hogar,325.35,4,5.0
1317,2025-04-26 03:20:21.621621,Ropa,267.94,3,2.0
1318,2025-04-26 12:05:02.702702,Electrónica,368.48,1,5.0
1319,2025-04-26 20:49:43.783783,Electrónica,50.0,2,5.0
1320,2025-04-27 05:34:24.864864,Electrónica,39.57,1,5.0
1321,2025-04-27 14:19:05.945945,Ropa,131.08,5,4.0
1322,2025-04-27 23:03:47.027027,Hogar,88.18,4,4.0
1323,2025-04-28 07:48:28.108108,Hogar,437.17,4,
1324,2025-04-28 16:33:09.189189,Electrónica,117.41,1,3.0
1325,2025-04-29 01:17:50.270270,Libros,488.17,3,4.0
1326,2025-04-29 10:02:31.351351,Hogar,175.08,2,5.0
1327,2025-04-29 18:47:12.432432,Hogar,99.24,4,5.0
1328,2025-04-30 03:31:53.513513,Hogar,396.95,5,3.0
1329,2025-04-30 12:16:34.594594,Ropa,332.77,5,5.0
1330,2025-04-30 21:01:15.675675,Electrónica,254.12,3,5.0
1331,2025-05-01 05:45:56.756756,Ropa,282.13,4,2.0
1332,2025-05-01 14:30:37.837837,Juguetes,362.41,1,5.0
1333,2025-05-01 23:15:18.918918,Electrónica,121.94,5,1.0
1334,2025-05-02 08:00:00.000000,Electrónica,498.2,3,4.0
1335,2025-05-02 16:44:41.081081,Electrónica,487.65,4,1.0
1336,2025-05-03 01:29:22.162162,Electrónica,328.66,4,2.0
1337,2025-05-03 10:14:03.243243,Juguetes,107.78,4,5.0
1338,2025-05-03 18:58:44.324324,Hogar,343.31,4,4.0
1339,2025-05-04 03:43:25.405405,Ropa,45.38,4,4.0
1340,2025-05-04 12:28:06.486486,Electrónica,25.02,5,3.0
1341,2025-05-04 21:12:47.567567,Ropa,136.26,3,4.0
1342,2025-05-05 05:57:28.648648,Ropa,236.69,4,4.0
1343,2025-05-05 14:42:09.729729,Electrónica,435.45,2,4.0
1344,2025-05-05 23:26:50.810810,Ropa,366.31,2,4.0
1345,2025-05-06 08:11:31.891891,Ropa,373.93,3,5.0
1346,2025-05-06 16:56:12.972972,Hogar,218.49,1,4.0
1347,2025-05-07 01:40:54.054054,Hogar,179.51,1,4.0
1348,2025-05-07 10:25:35.135135,Electrónica,191.81,1,4.0
1349,2025-05-07 19:10:16.216216,Ropa,493.95,2,5.0
1350,2025-05-08 03:54:57.297297,Hogar,29.65,1,4.0
1351,2025-05-08 12:39:38.378378,Ropa,434.85,5,4.0
1352,2025-05-08 21:24:19.459459,Juguetes,293.55,4,4.0
1353,2025-05-09 06:09:00.540540,Hogar,224.92,2,
1354,2025-05-09 14:53:41.621621,Electrónica,365.38,3,4.0
1355,2025-05-09 23:38:22.702702,Electrónica,248.47,3,5.0
1356,2025-05-10 08:23:03.783783,Hogar,437.98,4,4.0
1357,2025-05-10 17:07:44.864864,Electrónica,451.34,2,3.0
1358,2025-05-11 01:52:25.945945,Hogar,216.64,1,5.0
1359,2025-05-11 10:37:07.027027,Libros,145.65,1,4.0
1360,2025-05-11 19:21:48.108108,Hogar,300.25,5,5.0
1361,2025-05-12 04:06:29.189189,Ropa,457.06,5,5.0
1362,2025-05-12 12:51:10.270270,Hogar,113.22,1,5.0
1363,2025-05-12 21:35:51.351351,Ropa,315.25,3,1.0
1364,2025-05-13 06:20:32.432432,Ropa,319.46,3,5.0
1365,2025-05-13 15:05:13.513513,Libros,369.23,5,4.0
1366,2025-05-13 23:49:54.594594,Ropa,74.47,4,5.0
1367,2025-05-14 08:34:35.675675,Libros,360.75,1,5.0
1368,2025-05-14 17:19:16.756756,Libros,455.43,5,5.0
1369,2025-05-15 02:03:57.837837,Electrónica,98.04,5,4.0
1370,2025-05-15 10:48:38.918918,Electrónica,126.4,1,4.0
1371,2025-05-15 19:33:20.000000,Electrónica,485.98,1,3.0
1372,2025-05-16 04:18:01.081081,Electrónica,98.68,3,5.0
1373,2025-05-16 13:02:42.162162,Electrónica,428.65,4,4.0
1374,2025-05-16 21:47:23.243243,Hogar,251.22,4,4.0
1375,2025-05-17 06:32:04.324324,Electrónica,131.14,1,5.0
1376,2025-05-17 15:16:45.405405,Ropa,436.67,2,4.0
1377,2025-05-18 00:01:26.486486,Juguetes,228.2,5,3.0
1378,2025-05-18 08:46:07.567567,Electrónica,262.26,5,4.0
1379,2025-05-18 17:30:48.648648,Juguetes,186.02,1,4.0
1380,2025-05-19 02:15:29.729729,Electrónica,300.55,2,4.0
1381,2025-05-19 11:00:10.810810,Electrónica,90.13,3,1.0
1382,2025-05-19 19:44:51.891891,Hogar,201.63,1,3.0
1383,2025-05-20 04:29:32.972972,Hogar,485.01,1,4.0
1384,2025-05-20 13:14:14.054054,Juguetes,136.49,5,5.0
1385,2025-05-20 21:58:55.135135,Hogar,331.8,1,1.0
1386,2025-05-21 06:43:36.216216,Juguetes,169.34,1,4.0
1387,2025-05-21 15:28:17.297297,Electrónica,389.0,1,5.0
1388,2025-05-22 00:12:58.378378,Electrónica,74.13,5,3.0
1389,2025-05-22 08:57:39.459459,Juguetes,485.21,3,4.0
1390,2025-05-22 17:42:20.540540,Juguetes,232.36,3,5.0
1391,2025-05-23 02:27:01.621621,Libros,125.66,1,5.0
1392,2025-05-23 11:11:42.702702,Ropa,46.01,5,5.0
1393,2025-05-23 19:56:23.783783,Ropa,93.18,3,5.0
1394,2025-05-24 04:41:04.864864,Juguetes,264.69,3,5.0
1395,2025-05-24 13:25:45.945945,Ropa,175.13,3,4.0
1396,2025-05-24 22:10:27.027027,Libros,416.15,5,5.0
1397,2025-05-25 06:55:08.108108,Juguetes,221.13,5,1.0
1398,2025-05-25 15:39:49.189189,Ropa,131.87,1,5.0
1399,2025-05-26 00:24:30.270270,Juguetes,312.4,4,4.0
1400,2025-05-26 09:09:11.351351,Juguetes,356.32,3,4.0
1401,2025-05-26 17:53:52.432432,Electrónica,91.85,4,4.0
1402,2025-05-27 02:38:33.513513,Libros,92.13,5,5.0
1403,2025-05-27 11:23:14.594594,Ropa,27.97,5,2.0
1404,2025-05-27 20:07:55.675675,Juguetes,370.84,5,5.0
1405,2025-05-28 04:52:36.756756,Ropa,335.26,4,5.0
1406,2025-05-28 13:37:17.837837,Juguetes,242.57,5,3.0
1407,2025-05-28 22:21:58.918918,Ropa,423.64,1,5.0
1408,2025-05-29 07:06:40.000000,Electrónica,404.78,5,5.0
1409,2025-05-29 15:51:21.081081,Libros,296.82,2,5.0
1410,2025-05-30 00:36:02.162162,Electrónica,435.45,4,4.0
1411,2025-05-30 09:20:43.243243,Ropa,110.86,2,4.0
1412,2025-05-30 18:05:24.324324,Libros,64.84,5,3.0
1413,2025-05-31 02:50:05.405405,Libros,142.18,1,4.0
1414,2025-05-31 11:34:46.486486,Hogar,37.97,3,5.0
1415,2025-05-31 20:19:27.567567,Hogar,270.27,5,2.0
1416,2025-06-01 05:04:08.648648,Ropa,468.94,1,5.0
1417,2025-06-01 13:48:49.729729,Electrónica,29.28,4,4.0
1418,2025-06-01 22:33:30.810810,Ropa,69.83,2,4.0
1419,2025-06-02 07:18:11.891891,Hogar,231.58,2,5.0
1420,2025-06-02 16:02:52.972972,Juguetes,467.6,2,5.0
1421,2025-06-03 00:47:34.054054,Juguetes,164.92,4,4.0
1422,2025-06-03 09:32:15.135135,Juguetes,258.55,1,4.0
1423,2025-06-03 18:16:56.216216,Electrónica,30.37,4,4.0
1424,2025-06-04 03:01:37.297297,Ropa,82.69,2,1.0
1425,2025-06-04 11:46:18.378378,Electrónica,493.45,5,4.0
1426,2025-06-04 20:30:59.459459,Ropa,482.91,3,4.0
1427,2025-06-05 05:15:40.540540,Ropa,12.42,4,4.0
1428,2025-06-05 14:00:21.621621,Juguetes,476.39,4,5.0
1429,2025-06-05 22:45:02.702702,Ropa,323.17,1,4.0
1430,2025-06-06 07:29:43.783783,Electrónica,435.28,1,4.0
1431,2025-06-06 16:14:24.864864,Electrónica,232.82,4,4.0
1432,2025-06-07 00:59:05.945945,Juguetes,262.64,2,5.0
1433,2025-06-07 09:43:47.027027,Hogar,249.53,3,5.0
1434,2025-06-07 18:28:28.108108,Electrónica,336.76,1,4.0
1435,2025-06-08 03:13:09.189189,Electrónica,78.43,2,5.0
1436,2025-06-08 11:57:50.270270,Hogar,24.69,5,4.0
1437,2025-06-08 20:42:31.351351,Electrónica,160.89,1,4.0
1438,2025-06-09 05:27:12.432432,Juguetes,355.29,2,4.0
1439,2025-06-09 14:11:53.513513,Hogar,108.91,2,4.0
1440,2025-06-09 22:56:34.594594,Electrónica,339.98,3,5.0
1441,2025-06-10 07:41:15.675675,Electrónica,485.26,3,5.0
1442,2025-06-10 16:25:56.756756,Libros,56.01,5,3.0
1443,2025-06-11 01:10:37.837837,Ropa,339.58,2,5.0
1444,2025-06-11 09:55:18.918918,Ropa,227.44,2,4.0
1445,2025-06-11 18:40:00.000000,Juguetes,435.39,3,3.0
1446,2025-06-12 03:24:41.081081,Libros,96.8,1,3.0
1447,2025-06-12 12:09:22.162162,Libros,349.39,1,4.0
1448,2025-06-12 20:54:03.243243,Juguetes,420.68,4,3.0
1449,2025-06-13 05:38:44.324324,Ropa,472.86,3,3.0
1450,2025-06-13 14:23:25.405405,Electrónica,344.79,4,4.0
1451,2025-06-13 23:08:06.486486,Juguetes,253.62,3,4.0
1452,2025-06-14 07:52:47.567567,Hogar,312.75,5,5.0
1453,2025-06-14 16:37:28.648648,Ropa,435.76,2,4.0
1454,2025-06-15 01:22:09.729729,Libros,289.6,5,
1455,2025-06-15 10:06:50.810810,Electrónica,24.89,3,4.0
1456,2025-06-15 18:51:31.891891,Ropa,466.16,2,5.0
1457,2025-06-16 03:36:12.972972,Electrónica,347.87,1,5.0
1458,2025-06-16 12:20:54.054054,Ropa,341.49,1,5.0
1459,2025-06-16 21:05:35.135135,Electrónica,115.68,4,4.0
1460,2025-06-17 05:50:16.216216,Electrónica,332.85,3,5.0
1461,2025-06-17 14:34:57.297297,Electrónica,202.99,3,3.0
1462,2025-06-17 23:19:38.378378,Hogar,329.1,1,4.0
1463,2025-06-18 08:04:19.459459,Hogar,62.23,5,4.0
1464,2025-06-18 16:49:00.540540,Hogar,332.34,2,4.0
1465,2025-06-19 01:33:41.621621,Libros,499.71,5,1.0
1466,2025-06-19 10:18:22.702702,Ropa,33.62,5,5.0
1467,2025-06-19 19:03:03.783783,Electrónica,488.82,1,5.0
1468,2025-06-20 03:47:44.864864,Juguetes,209.38,1,4.0
1469,2025-06-20 12:32:25.945945,Electrónica,436.67,1,5.0
1470,2025-06-20 21:17:07.027027,Libros,393.37,4,4.0
1471,2025-06-21 06:01:48.108108,Electrónica,287.84,5,
1472,2025-06-21 14:46:29.189189,Libros,371.84,3,4.0
1473,2025-06-21 23:31:10.270270,Electrónica,440.47,2,3.0
1474,2025-06-22 08:15:51.351351,Juguetes,208.03,4,5.0
1475,2025-06-22 17:00:32.432432,Ropa,170.25,3,5.0
1476,2025-06-23 01:45:13.513513,Libros,337.12,5,5.0
1477,2025-06-23 10:29:54.594594,Electrónica,405.84,1,
1478,2025-06-23 19:14:35.675675,Hogar,383.52,5,5.0
1479,2025-06-24 03:59:16.756756,Libros,400.93,2,5.0
1480,2025-06-24 12:43:57.837837,Ropa,223.44,4,5.0
1481,2025-06-24 21:28:38.918918,Hogar,410.74,4,5.0
1482,2025-06-25 06:13:20.000000,Hogar,68.9,2,4.0
1483,2025-06-25 14:58:01.081081,Ropa,276.8,3,5.0
1484,2025-06-25 23:42:42.162162,Hogar,12.82,3,3.0
1485,2025-06-26 08:27:23.243243,Hogar,169.05,4,5.0
1486,2025-06-26 17:12:04.324324,Libros,189.57,4,5.0
1487,2025-06-27 01:56:45.405405,Electrónica,204.12,1,5.0
1488,2025-06-27 10:41:26.486486,Electrónica,350.78,3,5.0
1489,2025-06-27 19:26:07.567567,Libros,200.39,2,5.0
1490,2025-06-28 04:10:48.648648,Juguetes,229.86,3,4.0
1491,2025-06-28 12:55:29.729729,Ropa,126.4,1,5.0
1492,2025-06-28 21:40:10.810810,Hogar,192.89,4,3.0
1493,2025-06-29 06:24:51.891891,Electrónica,121.36,4,3.0
1494,2025-06-29 15:09:32.972972,Electrónica,45.87,1,4.0
1495,2025-06-29 23:54:14.054054,Ropa,305.69,2,4.0
1496,2025-06-30 08:38:55.135135,Ropa,337.42,4,4.0
1497,2025-06-30 17:23:36.216216,Hogar,313.55,5,5.0
1498,2025-07-01 02:08:17.297297,Electrónica,237.11,4,4.0
1499,2025-07-01 10:52:58.378378,Libros,196.1,5,4.0
1500,2025-07-01 19:37:39.459459,Libros,433.03,1,1.0
1501,2025-07-02 04:22:20.540540,Hogar,264.35,1,4.0
1502,2025-07-02 13:07:01.621621,Ropa,244.8,4,5.0
1503,2025-07-02 21:51:42.702702,Ropa,22.56,3,1.0
1504,2025-07-03 06:36:23.783783,Juguetes,177.21,5,4.0
1505,2025-07-03 15:21:04.864864,Hogar,196.3,2,3.0
1506,2025-07-04 00:05:45.945945,Electrónica,205.42,4,1.0
1507,2025-07-04 08:50:27.027027,Libros,294.28,2,4.0
1508,2025-07-04 17:35:08.108108,Juguetes,271.47,4,3.0
1509,2025-07-05 02:19:49.189189,Libros,307.87,3,5.0
1510,2025-07-05 11:04:30.270270,Hogar,384.79,3,5.0
1511,2025-07-05 19:49:11.351351,Hogar,408.36,3,4.0
1512,2025-07-06 04:33:52.432432,Ropa,361.88,3,
1513,2025-07-06 13:18:33.513513,Libros,478.21,1,4.0
1514,2025-07-06 22:03:14.594594,Juguetes,18.93,1,4.0
1515,2025-07-07 06:47:55.675675,Electrónica,105.93,5,
1516,2025-07-07 15:32:36.756756,Electrónica,13.71,2,3.0
1517,2025-07-08 00:17:17.837837,Ropa,327.26,4,5.0
1518,2025-07-08 09:01:58.918918,Juguetes,450.03,4,1.0
1519,2025-07-08 17:46:40.000000,Libros,129.31,1,4.0
1520,2025-07-09 02:31:21.081081,Electrónica,464.25,4,2.0
1521,2025-07-09 11:16:02.162162,Hogar,39.53,1,5.0
1522,2025-07-09 20:00:43.243243,Ropa,467.87,5,5.0
1523,2025-07-10 04:45:24.324324,Libros,182.3,2,5.0
1524,2025-07-10 13:30:05.405405,Juguetes,59.7,5,4.0
1525,2025-07-10 22:14:46.486486,Juguetes,248.08,3,4.0
1526,2025-07-11 06:59:27.567567,Ropa,135.82,3,1.0
1527,2025-07-11 15:44:08.648648,Ropa,149.59,3,4.0
1528,2025-07-12 00:28:49.729729,Electrónica,160.57,5,5.0
1529,2025-07-12 09:13:30.810810,Electrónica,403.48,4,4.0
1530,2025-07-12 17:58:11.891891,Juguetes,274.19,2,5.0
1531,2025-07-13 02:42:52.972972,Juguetes,162.54,3,5.0
1532,2025-07-13 11:27:34.054054,Libros,309.06,3,4.0
1533,2025-07-13 20:12:15.135135,Libros,360.91,3,5.0
1534,2025-07-14 04:56:56.216216,Hogar,143.59,2,2.0
1535,2025-07-14 13:41:37.297297,Juguetes,212.64,3,3.0
1536,2025-07-14 22:26:18.378378,Libros,69.72,2,1.0
1537,2025-07-15 07:10:59.459459,Juguetes,98.76,3,4.0
1538,2025-07-15 15:55:40.540540,Electrónica,343.75,5,4.0
1539,2025-07-16 00:40:21.621621,Ropa,98.9,5,4.0
1540,2025-07-16 09:25:02.702702,Electrónica,267.33,2,4.0
1541,2025-07-16 18:09:43.783783,Libros,357.43,5,4.0
1542,2025-07-17 02:54:24.864864,Hogar,62.37,2,5.0
1543,2025-07-17 11:39:05.945945,Electrónica,287.98,5,5.0
1544,2025-07-17 20:23:47.027027,Hogar,135.72,5,1.0
1545,2025-07-18 05:08:28.108108,Hogar,481.83,2,3.0
1546,2025-07-18 13:53:09.189189,Ropa,246.94,4,5.0
1547,2025-07-18 22:37:50.270270,Electrónica,404.94,5,4.0
1548,2025-07-19 07:22:31.351351,Hogar,279.61,3,5.0
1549,2025-07-19 16:07:12.432432,Ropa,31.27,4,4.0
1550,2025-07-20 00:51:53.513513,Juguetes,320.24,2,4.0
1551,2025-07-20 09:36:34.594594,Ropa,476.19,4,3.0
1552,2025-07-20 18:21:15.675675,Juguetes,304.79,1,4.0
1553,2025-07-21 03:05:56.756756,Hogar,411.4,1,5.0
1554,2025-07-21 11:50:37.837837,Hogar,443.26,5,4.0
1555,2025-07-21 20:35:18.918918,Juguetes,121.76,5,5.0
1556,2025-07-22 05:20:00.000000,Ropa,113.9,3,5.0
1557,2025-07-22 14:04:41.081081,Electrónica,309.38,4,4.0
1558,2025-07-22 22:49:22.162162,Electrónica,211.4,1,5.0
1559,2025-07-23 07:34:03.243243,Juguetes,421.53,5,4.0
1560,2025-07-23 16:18:44.324324,Hogar,451.01,4,4.0
1561,2025-07-24 01:03:25.405405,Hogar,183.18,5,5.0
1562,2025-07-24 09:48:06.486486,Electrónica,126.07,5,4.0
1563,2025-07-24 18:32:47.567567,Electrónica,392.46,1,4.0
1564,2025-07-25 03:17:28.648648,Electrónica,144.65,1,3.0
1565,2025-07-25 12:02:09.729729,Ropa,413.08,5,4.0
1566,2025-07-25 20:46:50.810810,Hogar,217.63,2,5.0
1567,2025-07-26 05:31:31.891891,Ropa,337.1,5,5.0
1568,2025-07-26 14:16:12.972972,Ropa,56.81,5,5.0
1569,2025-07-26 23:00:54.054054,Libros,315.69,3,5.0
1570,2025-07-27 07:45:35.135135,Ropa,231.37,3,4.0
1571,2025-07-27 16:30:16.216216,Ropa,297.44,3,4.0
1572,2025-07-28 01:14:57.297297,Juguetes,92.33,2,3.0
1573,2025-07-28 09:59:38.378378,Ropa,371.07,2,4.0
1574,2025-07-28 18:44:19.459459,Hogar,432.77,5,4.0
1575,2025-07-29 03:29:00.540540,Juguetes,116.2,3,
1576,2025-07-29 12:13:41.621621,Libros,56.9,2,4.0
1577,2025-07-29 20:58:22.702702,Electrónica,21.58,1,4.0
1578,2025-07-30 05:43:03.783783,Libros,324.57,5,4.0
1579,2025-07-30 14:27:44.864864,Ropa,307.48,4,5.0
1580,2025-07-30 23:12:25.945945,Electrónica,277.88,5,5.0
1581,2025-07-31 07:57:07.027027,Ropa,123.65,4,3.0
1582,2025-07-31 16:41:48.108108,Libros,201.54,3,4.0
1583,2025-08-01 01:26:29.189189,Ropa,301.29,4,5.0
1584,2025-08-01 10:11:10.270270,Ropa,253.42,3,4.0
1585,2025-08-01 18:55:51.351351,Hogar,494.01,1,4.0
1586,2025-08-02 03:40:32.432432,Electrónica,76.86,4,5.0
1587,2025-08-02 12:25:13.513513,Electrónica,350.62,5,5.0
1588,2025-08-02 21:09:54.594594,Electrónica,208.12,3,2.0
1589,2025-08-03 05:54:35.675675,Electrónica,219.82,5,5.0
1590,2025-08-03 14:39:16.756756,Electrónica,361.62,2,5.0
1591,2025-08-03 23:23:57.837837,Electrónica,349.29,3,4.0
1592,2025-08-04 08:08:38.918918,Hogar,495.72,4,
1593,2025-08-04 16:53:20.000000,Electrónica,72.91,3,5.0
1594,2025-08-05 01:38:01.081081,Ropa,61.01,5,5.0
1595,2025-08-05 10:22:42.162162,Juguetes,364.93,1,5.0
1596,2025-08-05 19:07:23.243243,Ropa,293.41,3,3.0
1597,2025-08-06 03:52:04.324324,Hogar,144.34,4,3.0
1598,2025-08-06 12:36:45.405405,Electrónica,48.92,2,4.0
1599,2025-08-06 21:21:26.486486,Electrónica,51.97,1,4.0
1600,2025-08-07 06:06:07.567567,Electrónica,448.15,2,4.0
1601,2025-08-07 14:50:48.648648,Electrónica,104.01,3,5.0
1602,2025-08-07 23:35:29.729729,Electrónica,168.45,5,5.0
1603,2025-08-08 08:20:10.810810,Electrónica,121.06,5,5.0
1604,2025-08-08 17:04:51.891891,Electrónica,183.95,4,5.0
1605,2025-08-09 01:49:32.972972,Electrónica,44.02,5,5.0
1606,2025-08-09 10:34:14.054054,Ropa,264.34,1,4.0
1607,2025-08-09 19:18:55.135135,Electrónica,43.13,5,3.0
1608,2025-08-10 04:03:36.216216,Ropa,402.17,4,4.0
1609,2025-08-10 12:48:17.297297,Ropa,124.52,3,5.0
1610,2025-08-10 21:32:58.378378,Hogar,274.61,3,4.0
1611,2025-08-11 06:17:39.459459,Electrónica,441.24,5,5.0
1612,2025-08-11 15:02:20.540540,Juguetes,328.93,2,2.0
1613,2025-08-11 23:47:01.621621,Hogar,271.15,3,5.0
1614,2025-08-12 08:31:42.702702,Electrónica,168.92,5,5.0
1615,2025-08-12 17:16:23.783783,Juguetes,173.17,4,5.0
1616,2025-08-13 02:01:04.864864,Libros,338.05,5,
1617,2025-08-13 10:45:45.945945,Electrónica,497.13,3,5.0
1618,2025-08-13 19:30:27.027027,Electrónica,334.3,4,5.0
1619,2025-08-14 04:15:08.108108,Juguetes,283.31,5,5.0
1620,2025-08-14 12:59:49.189189,Hogar,368.02,1,5.0
1621,2025-08-14 21:44:30.270270,Electrónica,237.95,4,5.0
1622,2025-08-15 06:29:11.351351,Electrónica,39.47,1,1.0
1623,2025-08-15 15:13:52.432432,Ropa,285.53,2,4.0
1624,2025-08-15 23:58:33.513513,Ropa,479.24,4,4.0
1625,2025-08-16 08:43:14.594594,Hogar,95.9,1,4.0
1626,2025-08-16 17:27:55.675675,Ropa,348.1,3,4.0
1627,2025-08-17 02:12:36.756756,Ropa,108.46,3,
1628,2025-08-17 10:57:17.837837,Hogar,272.56,2,5.0
1629,2025-08-17 19:41:58.918918,Electrónica,57.37,4,5.0
1630,2025-08-18 04:26:40.000000,Electrónica,230.68,4,4.0
1631,2025-08-18 13:11:21.081081,Hogar,380.52,4,1.0
1632,2025-08-18 21:56:02.162162,Juguetes,180.31,2,2.0
1633,2025-08-19 06:40:43.243243,Ropa,335.81,4,4.0
1634,2025-08-19 15:25:24.324324,Ropa,399.77,3,1.0
1635,2025-08-20 00:10:05.405405,Electrónica,464.32,1,1.0
1636,2025-08-20 08:54:46.486486,Ropa,124.97,3,5.0
1637,2025-08-20 17:39:27.567567,Ropa,205.66,3,5.0
1638,2025-08-21 02:24:08.648648,Electrónica,84.68,1,4.0
1639,2025-08-21 11:08:49.729729,Electrónica,496.32,3,3.0
1640,2025-08-21 19:53:30.810810,Ropa,464.23,2,4.0
1641,2025-08-22 04:38:11.891891,Electrónica,274.58,1,1.0
1642,2025-08-22 13:22:52.972972,Ropa,422.6,3,5.0
1643,2025-08-22 22:07:34.054054,Electrónica,265.27,5,4.0
1644,2025-08-23 06:52:15.135135,Ropa,315.56,3,4.0
1645,2025-08-23 15:36:56.216216,Electrónica,53.67,2,4.0
1646,2025-08-24 00:21:37.297297,Juguetes,380.08,4,2.0
1647,2025-08-24 09:06:18.378378,Hogar,72.58,3,5.0
1648,2025-08-24 17:50:59.459459,Hogar,414.77,4,5.0
1649,2025-08-25 02:35:40.540540,Juguetes,393.19,5,5.0
1650,2025-08-25 11:20:21.621621,Ropa,357.28,3,3.0
1651,2025-08-25 20:05:02.702702,Electrónica,27.72,1,4.0
1652,2025-08-26 04:49:43.783783,Ropa,158.53,4,4.0
1653,2025-08-26 13:34:24.864864,Hogar,138.93,5,5.0
1654,2025-08-26 22:19:05.945945,Hogar,186.47,1,4.0
1655,2025-08-27 07:03:47.027027,Ropa,52.94,1,4.0
1656,2025-08-27 15:48:28.108108,Electrónica,469.11,1,5.0
1657,2025-08-28 00:33:09.189189,Electrónica,281.36,1,5.0
1658,2025-08-28 09:17:50.270270,Ropa,159.71,3,4.0
1659,2025-08-28 18:02:31.351351,Hogar,204.52,3,4.0
1660,2025-08-29 02:47:12.432432,Hogar,229.13,3,4.0
1661,2025-08-29 11:31:53.513513,Ropa,304.29,5,5.0
1662,2025-08-29 20:16:34.594594,Libros,262.68,5,4.0
1663,2025-08-30 05:01:15.675675,Hogar,460.5,5,5.0
1664,2025-08-30 13:45:56.756756,Electrónica,253.51,2,4.0
1665,2025-08-30 22:30:37.837837,Electrónica,496.16,5,5.0
1666,2025-08-31 07:15:18.918918,Electrónica,427.2,3,5.0
1667,2025-08-31 16:00:00.000000,Electrónica,112.17,3,4.0
1668,2025-09-01 00:44:41.081081,Electrónica,465.99,2,5.0
1669,2025-09-01 09:29:22.162162,Electrónica,67.02,2,3.0
1670,2025-09-01 18:14:03.243243,Electrónica,410.55,5,5.0
1671,2025-09-02 02:58:44.324324,Electrónica,196.51,4,5.0
1672,2025-09-02 11:43:25.405405,Juguetes,440.21,2,2.0
1673,2025-09-02 20:28:06.486486,Electrónica,435.35,1,5.0
1674,2025-09-03 05:12:47.567567,Ropa,404.9,3,
1675,2025-09-03 13:57:28.648648,Ropa,397.11,1,2.0
1676,2025-09-03 22:42:09.729729,Libros,159.29,3,4.0
1677,2025-09-04 07:26:50.810810,Electrónica,49.65,3,5.0
1678,2025-09-04 16:11:31.891891,Ropa,207.46,2,5.0
1679,2025-09-05 00:56:12.972972,Libros,95.03,2,4.0
1680,2025-09-05 09:40:54.054054,Juguetes,350.53,1,3.0
1681,2025-09-05 18:25:35.135135,Juguetes,179.59,3,1.0
1682,2025-09-06 03:10:16.216216,Electrónica,488.05,1,4.0
1683,2025-09-06 11:54:57.297297,Electrónica,324.08,4,4.0
1684,2025-09-06 20:39:38.378378,Hogar,413.02,1,5.0
1685,2025-09-07 05:24:19.459459,Libros,74.94,5,2.0
1686,2025-09-07 14:09:00.540540,Hogar,432.39,1,5.0
1687,2025-09-07 22:53:41.621621,Hogar,462.15,5,1.0
1688,2025-09-08 07:38:22.702702,Electrónica,248.66,5,3.0
1689,2025-09-08 16:23:03.783783,Juguetes,307.06,5,4.0
1690,2025-09-09 01:07:44.864864,Electrónica,384.76,4,4.0
1691,2025-09-09 09:52:25.945945,Ropa,95.67,1,5.0
1692,2025-09-09 18:37:07.027027,Ropa,256.26,1,5.0
1693,2025-09-10 03:21:48.108108,Ropa,205.34,4,5.0
1694,2025-09-10 12:06:29.189189,Electrónica,81.72,3,
1695,2025-09-10 20:51:10.270270,Electrónica,190.09,2,5.0
1696,2025-09-11 05:35:51.351351,Hogar,43.4,1,4.0
1697,2025-09-11 14:20:32.432432,Electrónica,22.65,2,5.0
1698,2025-09-11 23:05:13.513513,Hogar,76.23,4,5.0
1699,2025-09-12 07:49:54.594594,Electrónica,481.93,3,2.0
1700,2025-09-12 16:34:35.675675,Ropa,279.27,3,5.0
1701,2025-09-13 01:19:16.756756,Ropa,483.25,3,2.0
1702,2025-09-13 10:03:57.837837,Electrónica,221.92,4,4.0
1703,2025-09-13 18:48:38.918918,Ropa,162.79,5,5.0
1704,2025-09-14 03:33:20.000000,Electrónica,258.01,5,2.0
1705,2025-09-14 12:18:01.081081,Electrónica,225.36,2,3.0
1706,2025-09-14 21:02:42.162162,Libros,61.78,5,5.0
1707,2025-09-15 05:47:23.243243,Ropa,324.0,5,5.0
1708,2025-09-15 14:32:04.324324,Juguetes,115.86,3,3.0
1709,2025-09-15 23:16:45.405405,Electrónica,313.6,3,5.0
1710,2025-09-16 08:01:26.486486,Hogar,328.6,2,4.0
1711,2025-09-16 16:46:07.567567,Juguetes,84.49,1,4.0
1712,2025-09-17 01:30:48.648648,Hogar,40.06,2,
1713,2025-09-17 10:15:29.729729,Ropa,392.57,2,5.0
1714,2025-09-17 19:00:10.810810,Ropa,235.3,4,4.0
1715,2025-09-18 03:44:51.891891,Ropa,38.5,4,5.0
1716,2025-09-18 12:29:32.972972,Libros,497.48,2,5.0
1717,2025-09-18 21:14:14.054054,Juguetes,38.31,2,3.0
1718,2025-09-19 05:58:55.135135,Libros,350.57,2,3.0
1719,2025-09-19 14:43:36.216216,Electrónica,492.0,5,3.0
1720,2025-09-19 23:28:17.297297,Hogar,127.2,4,5.0
1721,2025-09-20 08:12:58.378378,Libros,79.7,2,5.0
1722,2025-09-20 16:57:39.459459,Electrónica,69.48,3,5.0
1723,2025-09-21 01:42:20.540540,Electrónica,158.6,3,5.0
1724,2025-09-21 10:27:01.621621,Hogar,59.51,5,5.0
1725,2025-09-21 19:11:42.702702,Hogar,349.16,5,3.0
1726,2025-09-22 03:56:23.783783,Juguetes,40.52,1,4.0
1727,2025-09-22 12:41:04.864864,Electrónica,259.62,1,4.0
1728,2025-09-22 21:25:45.945945,Juguetes,498.38,1,4.0
1729,2025-09-23 06:10:27.027027,Electrónica,408.85,5,5.0
1730,2025-09-23 14:55:08.108108,Electrónica,311.46,5,5.0
1731,2025-09-23 23:39:49.189189,Electrónica,160.06,5,4.0
1732,2025-09-24 08:24:30.270270,Juguetes,315.71,3,4.0
1733,2025-09-24 17:09:11.351351,Hogar,268.25,5,5.0
1734,2025-09-25 01:53:52.432432,Ropa,218.78,3,4.0
1735,2025-09-25 10:38:33.513513,Ropa,74.05,1,3.0
1736,2025-09-25 19:23:14.594594,Juguetes,444.44,1,4.0
1737,2025-09-26 04:07:55.675675,Ropa,230.39,1,2.0
1738,2025-09-26 12:52:36.756756,Juguetes,105.37,2,5.0
1739,2025-09-26 21:37:17.837837,Ropa,190.2,2,2.0
1740,2025-09-27 06:21:58.918918,Ropa,212.92,4,4.0
1741,2025-09-27 15:06:40.000000,Ropa,415.49,4,4.0
1742,2025-09-27 23:51:21.081081,Ropa,369.47,4,
1743,2025-09-28 08:36:02.162162,Hogar,386.96,2,3.0
1744,2025-09-28 17:20:43.243243,Ropa,15.41,2,3.0
1745,2025-09-29 02:05:24.324324,Electrónica,213.92,4,1.0
1746,2025-09-29 10:50:05.405405,Juguetes,245.86,4,3.0
1747,2025-09-29 19:34:46.486486,Ropa,19.4,5,3.0
1748,2025-09-30 04:19:27.567567,Ropa,137.31,4,5.0
1749,2025-09-30 13:04:08.648648,Libros,382.54,5,3.0
1750,2025-09-30 21:48:49.729729,Hogar,77.18,3,1.0
1751,2025-10-01 06:33:30.810810,Electrónica,272.3,2,5.0
1752,2025-10-01 15:18:11.891891,Libros,115.45,4,4.0
1753,2025-10-02 00:02:52.972972,Hogar,15.94,2,4.0
1754,2025-10-02 08:47:34.054054,Ropa,128.19,2,4.0
1755,2025-10-02 17:32:15.135135,Electrónica,488.18,2,
1756,2025-10-03 02:16:56.216216,Juguetes,402.75,3,3.0
1757,2025-10-03 11:01:37.297297,Hogar,480.19,1,5.0
1758,2025-10-03 19:46:18.378378,Ropa,249.05,4,5.0
1759,2025-10-04 04:30:59.459459,Juguetes,63.77,1,2.0
1760,2025-10-04 13:15:40.540540,Juguetes,278.5,1,
1761,2025-10-04 22:00:21.621621,Electrónica,232.64,1,4.0
1762,2025-10-05 06:45:02.702702,Ropa,423.73,2,2.0
1763,2025-10-05 15:29:43.783783,Electrónica,58.06,5,5.0
1764,2025-10-06 00:14:24.864864,Hogar,249.24,2,5.0
1765,2025-10-06 08:59:05.945945,Electrónica,83.52,2,5.0
1766,2025-10-06 17:43:47.027027,Hogar,169.09,1,3.0
1767,2025-10-07 02:28:28.108108,Juguetes,371.3,2,4.0
1768,2025-10-07 11:13:09.189189,Juguetes,243.25,1,5.0
1769,2025-10-07 19:57:50.270270,Ropa,194.19,5,4.0
1770,2025-10-08 04:42:31.351351,Juguetes,203.29,4,4.0
1771,2025-10-08 13:27:12.432432,Electrónica,235.13,1,1.0
1772,2025-10-08 22:11:53.513513,Juguetes,394.66,5,3.0
1773,2025-10-09 06:56:34.594594,Electrónica,447.12,4,5.0
1774,2025-10-09 15:41:15.675675,Ropa,478.11,3,4.0
1775,2025-10-10 00:25:56.756756,Juguetes,395.58,1,
1776,2025-10-10 09:10:37.837837,Electrónica,164.55,1,4.0
1777,2025-10-10 17:55:18.918918,Electrónica,347.19,3,5.0
1778,2025-10-11 02:40:00.000000,Hogar,224.43,3,4.0
1779,2025-10-11 11:24:41.081081,Hogar,134.79,1,4.0
1780,2025-10-11 20:09:22.162162,Hogar,422.03,3,3.0
1781,2025-10-12 04:54:03.243243,Hogar,28.83,2,4.0
1782,2025-10-12 13:38:44.324324,Ropa,451.86,4,4.0
1783,2025-10-12 22:23:25.405405,Electrónica,236.12,4,
1784,2025-10-13 07:08:06.486486,Ropa,322.23,4,5.0
1785,2025-10-13 15:52:47.567567,Electrónica,333.08,2,3.0
1786,2025-10-14 00:37:28.648648,Libros,448.61,3,1.0
1787,2025-10-14 09:22:09.729729,Hogar,321.97,5,3.0
1788,2025-10-14 18:06:50.810810,Ropa,310.83,3,4.0
1789,2025-10-15 02:51:31.891891,Ropa,42.66,1,5.0
1790,2025-10-15 11:36:12.972972,Libros,264.02,4,5.0
1791,2025-10-15 20:20:54.054054,Electrónica,83.58,3,1.0
1792,2025-10-16 05:05:35.135135,Hogar,371.34,5,4.0
1793,2025-10-16 13:50:16.216216,Ropa,260.99,1,4.0
1794,2025-10-16 22:34:57.297297,Hogar,343.31,2,5.0
1795,2025-10-17 07:19:38.378378,Electrónica,30.42,2,4.0
1796,2025-10-17 16:04:19.459459,Juguetes,51.55,5,5.0
1797,2025-10-18 00:49:00.540540,Libros,361.0,1,5.0
1798,2025-10-18 09:33:41.621621,Hogar,45.32,4,3.0
1799,2025-10-18 18:18:22.702702,Hogar,44.92,3,5.0
1800,2025-10-19 03:03:03.783783,Libros,15.93,1,3.0
1801,2025-10-19 11:47:44.864864,Hogar,478.69,2,5.0
1802,2025-10-19 20:32:25.945945,Electrónica,371.38,5,4.0
1803,2025-10-20 05:17:07.027027,Hogar,183.09,5,4.0
1804,2025-10-20 14:01:48.108108,Hogar,155.3,3,5.0
1805,2025-10-20 22:46:29.189189,Ropa,181.35,5,5.0
1806,2025-10-21 07:31:10.270270,Hogar,389.58,5,5.0
1807,2025-10-21 16:15:51.351351,Libros,334.07,1,4.0
1808,2025-10-22 01:00:32.432432,Libros,100.75,4,5.0
1809,2025-10-22 09:45:13.513513,Ropa,95.31,3,4.0
1810,2025-10-22 18:29:54.594594,Electrónica,58.21,1,5.0
1811,2025-10-23 03:14:35.675675,Libros,333.55,4,4.0
1812,2025-10-23 11:59:16.756756,Juguetes,384.54,1,
1813,2025-10-23 20:43:57.837837,Electrónica,139.87,1,5.0
1814,2025-10-24 05:28:38.918918,Libros,20.26,5,5.0
1815,2025-10-24 14:13:20.000000,Juguetes,50.26,4,4.0
1816,2025-10-24 22:58:01.081081,Ropa,484.25,3,3.0
1817,2025-10-25 07:42:42.162162,Hogar,154.77,3,5.0
1818,2025-10-25 16:27:23.243243,Ropa,386.92,4,3.0
1819,2025-10-26 01:12:04.324324,Electrónica,316.09,5,5.0
1820,2025-10-26 09:56:45.405405,Ropa,197.15,2,4.0
1821,2025-10-26 18:41:26.486486,Juguetes,110.79,1,4.0
1822,2025-10-27 03:26:07.567567,Electrónica,69.48,5,5.0
1823,2025-10-27 12:10:48.648648,Ropa,311.36,4,5.0
1824,2025-10-27 20:55:29.729729,Ropa,389.57,1,4.0
1825,2025-10-28 05:40:10.810810,Ropa,325.51,3,4.0
1826,2025-10-28 14:24:51.891891,Libros,269.85,2,4.0
1827,2025-10-28 23:09:32.972972,Ropa,30.56,3,5.0
1828,2025-10-29 07:54:14.054054,Ropa,484.56,4,4.0
1829,2025-10-29 16:38:55.135135,Hogar,401.37,1,5.0
1830,2025-10-30 01:23:36.216216,Ropa,153.48,4,5.0
1831,2025-10-30 10:08:17.297297,Electrónica,490.19,1,4.0
1832,2025-10-30 18:52:58.378378,Ropa,304.92,5,5.0
1833,2025-10-31 03:37:39.459459,Electrónica,295.39,2,4.0
1834,2025-10-31 12:22:20.540540,Electrónica,376.56,5,4.0
1835,2025-10-31 21:07:01.621621,Ropa,407.77,5,
1836,2025-11-01 05:51:42.702702,Ropa,331.67,4,1.0
1837,2025-11-01 14:36:23.783783,Libros,72.77,2,4.0
1838,2025-11-01 23:21:04.864864,Ropa,175.75,1,4.0
1839,2025-11-02 08:05:45.945945,Hogar,464.76,1,4.0
1840,2025-11-02 16:50:27.027027,Hogar,120.06,3,4.0
1841,2025-11-03 01:35:08.108108,Electrónica,192.36,1,5.0
1842,2025-11-03 10:19:49.189189,Hogar,221.72,4,5.0
1843,2025-11-03 19:04:30.270270,Electrónica,225.31,5,5.0
1844,2025-11-04 03:49:11.351351,Libros,310.34,5,2.0
1845,2025-11-04 12:33:52.432432,Electrónica,472.11,5,4.0
1846,2025-11-04 21:18:33.513513,Ropa,127.94,2,3.0
1847,2025-11-05 06:03:14.594594,Electrónica,69.54,1,4.0
1848,2025-11-05 14:47:55.675675,Libros,106.76,4,4.0
1849,2025-11-05 23:32:36.756756,Ropa,444.59,2,3.0
1850,2025-11-06 08:17:17.837837,Hogar,326.45,3,4.0
1851,2025-11-06 17:01:58.918918,Electrónica,150.09,4,3.0
1852,2025-11-07 01:46:40.000000,Hogar,409.81,4,5.0
1853,2025-11-07 10:31:21.081081,Electrónica,432.07,4,5.0
1854,2025-11-07 19:16:02.162162,Juguetes,424.79,5,5.0
1855,2025-11-08 04:00:43.243243,Electrónica,460.27,4,5.0
1856,2025-11-08 12:45:24.324324,Electrónica,133.6,1,5.0
1857,2025-11-08 21:30:05.405405,Electrónica,379.97,4,4.0
1858,2025-11-09 06:14:46.486486,Ropa,235.66,5,1.0
1859,2025-11-09 14:59:27.567567,Hogar,422.58,4,5.0
1860,2025-11-09 23:44:08.648648,Electrónica,366.96,3,5.0
1861,2025-11-10 08:28:49.729729,Juguetes,390.46,3,5.0
1862,2025-11-10 17:13:30.810810,Ropa,331.52,5,5.0
1863,2025-11-11 01:58:11.891891,Ropa,96.94,1,4.0
1864,2025-11-11 10:42:52.972972,Ropa,277.06,1,5.0
1865,2025-11-11 19:27:34.054054,Ropa,492.49,2,5.0
1866,2025-11-12 04:12:15.135135,Hogar,469.32,5,4.0
1867,2025-11-12 12:56:56.216216,Electrónica,31.16,4,5.0
1868,2025-11-12 21:41:37.297297,Electrónica,90.76,5,4.0
1869,2025-11-13 06:26:18.378378,Juguetes,74.55,2,5.0
1870,2025-11-13 15:10:59.459459,Libros,365.73,5,5.0
1871,2025-11-13 23:55:40.540540,Ropa,410.71,5,1.0
1872,2025-11-14 08:40:21.621621,Electrónica,114.62,2,5.0
1873,2025-11-14 17:25:02.702702,Hogar,257.87,1,3.0
1874,2025-11-15 02:09:43.783783,Ropa,421.94,4,5.0
1875,2025-11-15 10:54:24.864864,Electrónica,369.07,2,4.0
1876,2025-11-15 19:39:05.945945,Electrónica,275.7,3,5.0
1877,2025-11-16 04:23:47.027027,Hogar,299.27,1,3.0
1878,2025-11-16 13:08:28.108108,Hogar,259.1,3,5.0
1879,2025-11-16 21:53:09.189189,Electrónica,155.8,1,4.0
1880,2025-11-17 06:37:50.270270,Electrónica,286.86,4,5.0
1881,2025-11-17 15:22:31.351351,Electrónica,347.55,4,5.0
1882,2025-11-18 00:07:12.432432,Hogar,437.93,5,
1883,2025-11-18 08:51:53.513513,Electrónica,321.78,3,5.0
1884,2025-11-18 17:36:34.594594,Electrónica,382.95,1,5.0
1885,2025-11-19 02:21:15.675675,Juguetes,88.44,4,3.0
1886,2025-11-19 11:05:56.756756,Electrónica,236.16,2,4.0
1887,2025-11-19 19:50:37.837837,Hogar,14.57,4,4.0
1888,2025-11-20 04:35:18.918918,Electrónica,130.87,2,5.0
1889,2025-11-20 13:20:00.000000,Electrónica,365.97,1,5.0
1890,2025-11-20 22:04:41.081081,Electrónica,495.99,4,3.0
1891,2025-11-21 06:49:22.162162,Hogar,58.6,4,5.0
1892,2025-11-21 15:34:03.243243,Juguetes,206.73,1,5.0
1893,2025-11-22 00:18:44.324324,Juguetes,402.03,4,5.0
1894,2025-11-22 09:03:25.405405,Ropa,109.98,2,3.0
1895,2025-11-22 17:48:06.486486,Hogar,281.99,4,2.0
1896,2025-11-23 02:32:47.567567,Electrónica,369.2,3,4.0
1897,2025-11-23 11:17:28.648648,Electrónica,311.83,5,5.0
1898,2025-11-23 20:02:09.729729,Juguetes,102.13,2,3.0
1899,2025-11-24 04:46:50.810810,Electrónica,184.14,3,4.0
1900,2025-11-24 13:31:31.891891,Electrónica,394.06,1,5.0
1901,2025-11-24 22:16:12.972972,Electrónica,281.57,2,5.0
1902,2025-11-25 07:00:54.054054,Electrónica,12.56,5,5.0
1903,2025-11-25 15:45:35.135135,Electrónica,382.89,5,4.0
1904,2025-11-26 00:30:16.216216,Hogar,27.3,1,4.0
1905,2025-11-26 09:14:57.297297,Ropa,375.41,1,5.0
1906,2025-11-26 17:59:38.378378,Juguetes,109.22,2,4.0
1907,2025-11-27 02:44:19.459459,Juguetes,479.46,4,2.0
1908,2025-11-27 11:29:00.540540,Ropa,190.29,1,4.0
1909,2025-11-27 20:13:41.621621,Electrónica,170.2,4,4.0
1910,2025-11-28 04:58:22.702702,Ropa,82.96,3,4.0
1911,2025-11-28 13:43:03.783783,Hogar,159.75,5,4.0
1912,2025-11-28 22:27:44.864864,Electrónica,439.56,4,4.0
1913,2025-11-29 07:12:25.945945,Hogar,498.2,5,1.0
1914,2025-11-29 15:57:07.027027,Ropa,190.47,4,5.0
1915,2025-11-30 00:41:48.108108,Hogar,229.82,3,4.0
1916,2025-11-30 09:26:29.189189,Ropa,363.81,1,5.0
1917,2025-11-30 18:11:10.270270,Electrónica,444.24,3,3.0
1918,2025-12-01 02:55:51.351351,Libros,300.59,1,4.0
1919,2025-12-01 11:40:32.432432,Juguetes,201.85,1,5.0
1920,2025-12-01 20:25:13.513513,Electrónica,212.18,5,4.0
1921,2025-12-02 05:09:54.594594,Juguetes,350.85,3,4.0
1922,2025-12-02 13:54:35.675675,Ropa,11.58,4,4.0
1923,2025-12-02 22:39:16.756756,Juguetes,313.6,3,5.0
1924,2025-12-03 07:23:57.837837,Juguetes,184.19,5,4.0
1925,2025-12-03 16:08:38.918918,Ropa,399.16,1,4.0
1926,2025-12-04 00:53:20.000000,Electrónica,55.57,5,5.0
1927,2025-12-04 09:38:01.081081,Electrónica,298.22,2,4.0
1928,2025-12-04 18:22:42.162162,Ropa,245.68,2,4.0
1929,2025-12-05 03:07:23.243243,Hogar,324.74,4,4.0
1930,2025-12-05 11:52:04.324324,Electrónica,41.78,5,5.0
1931,2025-12-05 20:36:45.405405,Electrónica,294.19,4,4.0
1932,2025-12-06 05:21:26.486486,Juguetes,285.13,4,3.0
1933,2025-12-06 14:06:07.567567,Libros,284.72,2,4.0
1934,2025-12-06 22:50:48.648648,Ropa,305.71,4,5.0
1935,2025-12-07 07:35:29.729729,Electrónica,341.47,2,2.0
1936,2025-12-07 16:20:10.810810,Electrónica,404.44,1,
1937,2025-12-08 01:04:51.891891,Electrónica,142.21,5,4.0
1938,2025-12-08 09:49:32.972972,Libros,414.27,4,
1939,2025-12-08 18:34:14.054054,Electrónica,254.15,2,5.0
1940,2025-12-09 03:18:55.135135,Hogar,47.76,3,4.0
1941,2025-12-09 12:03:36.216216,Electrónica,38.69,4,3.0
1942,2025-12-09 20:48:17.297297,Hogar,173.78,1,3.0
1943,2025-12-10 05:32:58.378378,Hogar,394.6,1,3.0
1944,2025-12-10 14:17:39.459459,Juguetes,356.76,3,5.0
1945,2025-12-10 23:02:20.540540,Electrónica,396.42,2,4.0
1946,2025-12-11 07:47:01.621621,Electrónica,263.46,4,4.0
1947,2025-12-11 16:31:42.702702,Electrónica,225.7,2,4.0
1948,2025-12-12 01:16:23.783783,Libros,82.25,1,5.0
1949,2025-12-12 10:01:04.864864,Juguetes,170.81,2,3.0
1950,2025-12-12 18:45:45.945945,Hogar,222.67,1,1.0
1951,2025-12-13 03:30:27.027027,Hogar,53.41,2,2.0
1952,2025-12-13 12:15:08.108108,Hogar,118.1,3,5.0
1953,2025-12-13 20:59:49.189189,Electrónica,303.13,5,5.0
1954,2025-12-14 05:44:30.270270,Libros,370.47,3,4.0
1955,2025-12-14 14:29:11.351351,Ropa,499.19,3,3.0
1956,2025-12-14 23:13:52.432432,Ropa,467.23,5,4.0
1957,2025-12-15 07:58:33.513513,Ropa,324.86,5,3.0
1958,2025-12-15 16:43:14.594594,Electrónica,216.41,4,5.0
1959,2025-12-16 01:27:55.675675,Electrónica,321.73,4,5.0
1960,2025-12-16 10:12:36.756756,Hogar,394.97,3,4.0
1961,2025-12-16 18:57:17.837837,Electrónica,67.98,3,5.0
1962,2025-12-17 03:41:58.918918,Hogar,210.85,1,3.0
1963,2025-12-17 12:26:40.000000,Electrónica,421.5,1,5.0
1964,2025-12-17 21:11:21.081081,Ropa,198.08,4,5.0
1965,2025-12-18 05:56:02.162162,Electrónica,290.22,4,4.0
1966,2025-12-18 14:40:43.243243,Ropa,298.01,1,5.0
1967,2025-12-18 23:25:24.324324,Hogar,100.39,1,4.0
1968,2025-12-19 08:10:05.405405,Electrónica,187.5,2,4.0
1969,2025-12-19 16:54:46.486486,Hogar,173.91,2,3.0
1970,2025-12-20 01:39:27.567567,Ropa,22.84,1,4.0
1971,2025-12-20 10:24:08.648648,Hogar,21.85,2,5.0
1972,2025-12-20 19:08:49.729729,Libros,417.53,5,5.0
1973,2025-12-21 03:53:30.810810,Hogar,143.8,4,5.0
1974,2025-12-21 12:38:11.891891,Electrónica,263.86,4,5.0
1975,2025-12-21 21:22:52.972972,Electrónica,156.38,1,5.0
1976,2025-12-22 06:07:34.054054,Electrónica,470.93,3,3.0
1977,2025-12-22 14:52:15.135135,Hogar,137.06,1,4.0
1978,2025-12-22 23:36:56.216216,Electrónica,220.53,2,3.0
1979,2025-12-23 08:21:37.297297,Ropa,437.64,3,5.0
1980,2025-12-23 17:06:18.378378,Hogar,422.55,2,5.0
1981,2025-12-24 01:50:59.459459,Ropa,101.19,5,3.0
1982,2025-12-24 10:35:40.540540,Juguetes,403.3,2,5.0
1983,2025-12-24 19:20:21.621621,Electrónica,234.51,5,5.0
1984,2025-12-25 04:05:02.702702,Electrónica,246.65,5,4.0
1985,2025-12-25 12:49:43.783783,Hogar,75.41,2,4.0
1986,2025-12-25 21:34:24.864864,Ropa,49.49,2,4.0
1987,2025-12-26 06:19:05.945945,Hogar,366.69,5,1.0
1988,2025-12-26 15:03:47.027027,Ropa,253.27,3,3.0
1989,2025-12-26 23:48:28.108108,Electrónica,224.06,5,1.0
1990,2025-12-27 08:33:09.189189,Juguetes,367.46,4,4.0
1991,2025-12-27 17:17:50.270270,Juguetes,385.1,5,3.0
1992,2025-12-28 02:02:31.351351,Hogar,87.87,3,5.0
1993,2025-12-28 10:47:12.432432,Electrónica,309.01,4,4.0
1994,2025-12-28 19:31:53.513513,Hogar,76.32,1,5.0
1995,2025-12-29 04:16:34.594594,Ropa,378.17,1,4.0
1996,2025-12-29 13:01:15.675675,Electrónica,331.91,3,4.0
1997,2025-12-29 21:45:56.756756,Libros,478.74,5,5.0
1998,2025-12-30 06:30:37.837837,Electrónica,43.79,2,2.0
1999,2025-12-30 15:15:18.918918,Libros,37.96,3,4.0
2000,2025-12-31 00:00:00.000000,Ropa,148.27,4,5.0
